Image,Title,Body Copy,TBL Studio Link,Editorial Feedback,Published tags,Writer,Auto-Extracted Concepts,Suggested Revision Front End Tags,Suggested Revision Back End Tags,Other Related ,Notes,url_slug,Image Location,TBL Image S3 Location
,Elegant Place Setting for Alfresco Reception,"Silver-beaded chargers, china, classic flatware and bunches of succulents and gardenias greeted guests as they arrived to the feasting table.",http://twobrightlights.com/publication_studio/pubstudioshell/stud:NDY3MDQy,"This vibe feels more natural, rustic, clean, eco style - which we have tagged it as modern, but our user with a modern taste might not feel the same","11:  Elegant, Gray, Silver,   White,   Centerpieces,  Menus,   Dinnerware,   Flatware,   Linens,   Modern,  Succulents",Stephanie Cain,"""additional_terms"" : [
		""linens"",
		""centerpieces"",
		""colorful"",
		""decorations + accents"",
		""gold"",
		""green"",
		""greens"",
		""hydrangeas"",
		""roses"",
		""white""
	],
	""concepts"" : [
		""classic"",
		""elegant"",
		""flatware"",
		""reception"",
		""guests"",
		""gardenias"",
		""succulents"",
		""tables""
	]","tablescape, elegant, neutrals, natural,, modern, rustic, silver, formal, rosemary, ","glassware, dinnerware, flatware, escort and place cards, calligraphy, greens, gardenia, candles, succulents, linens, gray, white, linens, bells of ireland, stock, roses, freesia",,,https://www.theknot.com/real-weddings/elegant-place-setting-for-alfresco-reception-photo,https://apis.xogrp.com/media-api/images/de7c3f8a-5817-11e6-b1e3-0e6345a2d5d3~rs_729.h,
,Lavender-Trimmed Place Cards,"Guests found their seats with the help of hand-lettered place cards laid carefully on each plate. Ivory paper bearing gold script and subtly torn edges mirrored the evening’s laid-back feel, while sprigs of lavender tied with velvet green ribbon added freshness and vibrancy to the place settings.",http://twobrightlights.com/publication_studio/pubstudioshell/stud:NDY0NDcw,"Classic, rustic, fall wedding photo. Also romantic, this is from a wedding we tagged as boho. With the fruit in the centerpiece, this could also appeal to a foodie, farm couple. Note: the leaf/lavendar on the place setting could turn off some viewers, some will love it.",3:  Lavender   Escort + Place Cards   Reception,Libby McCarthy,"        ""additional_terms"" : [
                ""place cards"",
                ""hand-lettered""
        ],
        ""concepts"" : [
                ""dinnerware"",
                ""lavender"",
                ""ribbon"",
                ""green"",
                ""greens"",
                ""guests"",
                ""gold"",
                ""ivory""
        ]","tablescape, natural, neutrals, rustic, royal blue, fall, lamb's ear, calligraphy, centerpieces, rustic","dinnerware, flatware, glassware, escort and place cards, silver, taupe, fruit, lavender flowers, hypericum, bohemian, burnt orange, linens, fern, velvet, ribbon",,,https://www.theknot.com/real-weddings/lavender-trimmed-place-cards-photo,https://apis.xogrp.com/media-api/images/b8ca5db3-4dd2-11e6-af22-0e6345a2d5d3~rs_729.h,
,Tropical and Hawaiian Table Accents,"""The centerpieces were a combination of floral arrangements and whitewashed lanterns,"" Kelley says. ""We used pineapples as place cards and had individual menus at each seat. The table markers were simple calligraphy numbers leveraging the Hawaiian alphabet.""",http://twobrightlights.com/publication_studio/pubstudioshell/stud:NDYzMzI3,"An example of tough to classify this photo as one clear style, other than primarily tropical. The setup could appeal to modern, romantic, eclectic, or even rustic couples. If it had to hit one of the 7 style categories, I'd say eclectic, but tripic is a better one-hitter term. Budget friendly too",3:  Fruit   Centerpieces   Reception,Caroline Eubanks,"	""additional_terms"" : [
		""seat"",
		""floral arrangements"",
		""accents"",
		""place cards"",
		""numbers""
	],
	""concepts"" : [
		""hawaiian"",
		""calligraphy"",
		""tropical"",
		""lanterns"",
		""menus"",
		""decorations + accents"",
		""centerpieces"",
		""tables"",
		""simple""
	]
","tablescape, tropical, pink, pineapple, fruit,colorful, causal, bohemian, rustic ","glassware, protea, roses, escort + place cards, ribbon, simple, affordable, dahlia, red, pink, wood",,,https://www.theknot.com/real-weddings/tropical-and-hawaiian-table-accents-photo,https://apis.xogrp.com/media-api/images/2fbde555-48b2-11e6-af22-0e6345a2d5d3~rs_729.h,
,Blue Hydrangea and Crystal Centerpieces,"Ken and Pat created three centerpieces for the reception at Westwood Country Club in Austin, Texas, creating a textured, visually intriguing aesthetic. Bundles of brilliant blue hydrangeas were piled high atop gilded candelabras and surrounded by cascades of glittering crystal beads to achieve a refined look.",http://twobrightlights.com/publication_studio/pubstudioshell/stud:NTA0NzAy,"An example of confusing styles, but different items will appeal to certain couples: the crystals and linens give it a glam vibe; but hydrangea lend more of a classic style. Would classify as classic + glam. This is from Great Gasby-themed wedding, which we know is still popular amongst our couples",4:  Blue   Centerpieces   Reception   Hydrangeas,Libby MacCarthy,"       ""additional_terms"" : [
		""created"",
		""cascades"",
		""surrounded"",
		""aesthetic"",
		""achieve"",
		""texas""
	],
	""concepts"" : [
		""hydrangeas"",
		""centerpieces"",
		""blue"",
		""refined"",
		""candelabras"",
		""textured"",
		""country club"",
		""reception"",
		""country""
	]
","tablescape, glamorous, hydrangea, tall centerpiece, centerpiece, crystals, metallics , blue, navy","dinnerware, flatware, glassware, chiavari charis, pedestals, gold, garden, ",,,https://www.theknot.com/real-weddings/a-glam-roaring-twenties-wedding-at-westwood-country-club-in-austin-texas-album,https://apis.xogrp.com/media-api/images/c7774d2b-eff7-11e6-b589-12072ec58d1a~rs_729.h,
,"Reception, Potted Succulents and Handcrafted Name Flags","""Place cards for guests were potted succulents in hand-painted pots and little watercolored and hand-lettered flags, which were also designed to be gifts to the guests,"" Devin says.",http://twobrightlights.com/publication_studio/pubstudioshell/stud:NDk4NTgx,"DIY + eclectic - this actually feels more whimsical than ""eclectic."" Also good for budgetary and colorful; would pair well with a garden wedding, rustic setting ",4:  Wedding Favors   Escort + Place Cards   DIY   Succulents,Carolyn Meers,"        ""additional_terms"" : [
                ""designed""
        ],
        ""concepts"" : [
                ""succulents"",
                ""guests"",
                ""reception""
        ]
","wedding favors, escort + place cards, succulents, DIY, whimsical, eclectic","garden rose, stock, fuschia, earth tones, simple, affordable, casual ",,,https://www.theknot.com/real-weddings/reception-potted-succulents-and-handcrafted-name-flags-photo,https://apis.xogrp.com/media-api/images/54d90937-8048-11e6-b1e3-0e6345a2d5d3~rs_729.h,
,Mint Macaron With Gold Flag Place Card,n/a,http://twobrightlights.com/publication_studio/pubstudioshell/stud:NDk0MzQw,"Romantic - especially with the macaroon place setting; also classic, southern, beachy",0 - none,Jen Leahy,"""concepts"" : [
                ""mint"",
                ""gold""
        ]
","color, tablescape, escort + place cards, DIY, macaroon, romantic, centerpiece, southern, peach","hydrangea, garden roses, roses, astibille, linens, gold, sweet peas, mint, ivory, blush, lilies, monogram, lamb's ear",,,https://www.theknot.com/real-weddings/mint-macaron-with-gold-flag-place-card-photo,https://apis.xogrp.com/media-api/images/b4f55008-331f-11e5-9816-22000aa61a3e~rs_729.h,
,Citrus Centerpieces at Outdoor Reception,"Lush greens and petite oranges served as centerpieces at the garden-inspired outdoor reception at Rancho Valencia in Rancho Santa Fe, California.",http://twobrightlights.com/publication_studio/pubstudioshell/stud:NDkyNjUw,"Eclectic + Rustic, though this also shift opinions according to the viewer. Also natural; place setting should be applied to this image",4 : Fruit   Centerpieces   Reception   Eucalyptus,Carolyn Meers,"       ""additional_terms"" : [
		""santa"",
		""california"",
		""outdoor"",
		""garden-inspired"",
		""served"",
		""lush""
	],
	""concepts"" : [
		""centerpieces"",
		""orange"",
		""reception"",
		""green"",
		""greens""
	]
","dinnerward, greens, rustic, eclectic, fruit, natural, elegant","linens, flatware, glassware, candles, ribbon, garden, roses, peach, euctalyptus, bohemian, ",,,https://www.theknot.com/real-weddings/citrus-centerpieces-at-outdoor-reception-photo,https://apis.xogrp.com/media-api/images/08d8b0da-1c4a-11e5-be0a-22000aa61a3e~rs_729.h,
,White Hydrangea and Orchid Centerpiece,"All-white arrangements of hydrangeas and phalaenopsis orchids served as centerpieces, while the same blooms were used to cover Whitney and Matt's cake pedestal.",http://twobrightlights.com/publication_studio/pubstudioshell/stud:NDEwODQx,Modern & Glam are appropriately tagged, 6: Ivory   Decorations + Accents   Centerpieces   Glamorous  Modern   Orchids,Rachel Sylvester," all-white (27)   arrangement (6)   arrangements of hydrangea (17)   bloom (16) Bouquets,   cake (4) Candles Centerpieces   cover (21) Decorations + Accents Glassware   hydrangea (1) Ivory Linens   matt's (31)   orchid (100)   orchids serve (21) Pedestals Pink Purple   serve (1) Tables Vases White   white hydrangea (24)   whitney (32)        
        ""additional_terms"" : [
		""hydrangea"",
		""orchid"",
		""cover"",
		""blooms"",
		""arrangements"",
		""cake""
	],
	""concepts"" : [
		""orchids"",
		""hydrangeas"",
		""centerpieces"",
		""pedestals"",
		""white""
	]
","modern, white, gray, silver, tablescape, centerpiece, orchids, hydrangea","candles, pedestal, cala lilies, menus, monogram, neutrals, glamorous, luxury, creative",,,https://www.theknot.com/real-weddings/white-hydrangea-and-orchid-centerpiece-photo-2,https://apis.xogrp.com/media-api/images/a807ae82-83dc-11e5-9816-22000aa61a3e~rs_729.h,
,"Blush Dahlia, Rose and Hydrangea Centerpieces","Shades of soft blush dominated the reception decor, the romantic hue materializing in lush arrangements of dahlias, roses and hydrangeas displayed in shimmering mercury-glass vases. While the centerpieces were essential in bringing Mia and Jake’s vision to life, it was a wisteria ceiling installment over the dance floor that truly stole the show.",http://twobrightlights.com/publication_studio/pubstudioshell/stud:NDQyNjQ3,,3:  Centerpieces   Reception   Dahlias,Libby MacCarthy,"""additional_terms"" : [
		""ceiling"",
		""shades"",
		""soft"",
		""displayed"",
		""bringing"",
		""decor""
	],
	""concepts"" : [
		""dahlias"",
		""blush"",
		""hydrangeas"",
		""centerpieces"",
		""vases"",
		""dance floor"",
		""roses"",
		""reception"",
		""romantic"",
		""dancing""
	]
","traditional, classic, romantic, pastels, centerpieces, tablescape, blush","dahlia, chrystanthmum, roses, hydrangea, gold, vases, preppy, southern, dinnerware, flatware, vintage, formal",,,https://www.theknot.com/real-weddings/blush-dahlia-rose-and-hydrangea-centerpieces-photo,https://apis.xogrp.com/media-api/images/f5f6cc82-f5be-11e5-b1c6-22000aa61a3e~rs_729.h,
,Romantic Floral Dinnerware,"While the centerpieces themselves were noteworthy enough, silvery linens, colored glasses, floral china and plenty of candlelight upped the drama of each tablescape.",http://twobrightlights.com/publication_studio/pubstudioshell/stud:NDA1ODY4,,6:  Luxury   Glamorous   Whimsical   Hotel   Summer  Brights,n/a,"	""additional_terms"" : [
		""glasses"",
		""floral""
	],
	""concepts"" : [
		""dinnerware"",
		""glassware"",
		""linens"",
		""centerpieces"",
		""color"",
		""romantic""
	]

","formal, luxury, tablescape, colorful, glamorous, centerpieces, vintage, eclectic","metallics, peonies, roses, hydrangea, zinnia, scabiosa, delphium, candles,gold, mirrored, menus, stemware, linens, dinnerware, flatware, glassware",,,https://www.theknot.com/real-weddings/romantic-floral-dinnerware-photo,https://apis.xogrp.com/media-api/images/cb6c07c0-7733-11e5-9816-22000aa61a3e~rs_729.h,
,Modern Black-And-White Place Setting,"Bold flatware and custom place mats topped the tables along with geometric gold shapes and ""avant-garde"" floral arrangements of wild greenery and pink and red blooms.",http://twobrightlights.com/publication_studio/pubstudioshell/stud:NDA2MTE2,,5:  Menus   Flatware   Linens   Modern   Reception,Stephanie Cain,"	""additional_terms"" : [
		""greenery"",
		""floral arrangements"",
		""topped"",
		""custom""
	],
	""concepts"" : [
		""flatware"",
		""geometric"",
		""bold"",
		""leaves"",
		""gold"",
		""tables"",
		""pink"",
		""modern"",
		""red""
	]
","modern, eclectic, bohemian, typography, black and white, gold, monogram, flatware, escort + place cards","polka dots, dinnerware, geometric",,,https://www.theknot.com/real-weddings/modern-black-and-white-place-setting-photo-1,https://apis.xogrp.com/media-api/images/092dc07c-7422-11e5-9816-22000aa61a3e~rs_729.h,
,Hand-Calligraphed Lemon-Leaf Escort Cards,"Hitomi and Michael took a rustic approach to their tablescapes, passing on tablecloths to highlight the beautiful wooden farm tables that tied in perfectly with the evening’s theme. Simple striped linens only added to the understated elegance of the decor, with hand-calligraphed lemon-leaf place cards introducing a note of whimsy.",http://twobrightlights.com/publication_studio/pubstudioshell/stud:NDAyMTA3,,2:  Escort + Place Cards   Rustic,Libby MacCarthy,"        ""additional_terms"" : [
                ""tablecloths"",
                ""tied"",
                ""escort cards"",
                ""added"",
                ""highlight"",
                ""wooden"",
                ""decor"",
                ""theme"",
                ""introducing"",
                ""place cards""
        ],
        ""concepts"" : [
                ""tablescapes"",
                ""linens"",
                ""simple"",
                ""tables"",
                ""rustic""
        ]","rustic, simple, escort + place cards, leaves, calligraphy, tablescape, greens","DIY, menus, monogram, afforadable, garland, candle, flatware, linens ",,,https://www.theknot.com/real-weddings/hand-calligraphed-lemon-leaf-escort-cards-photo,https://apis.xogrp.com/media-api/images/39ea60b4-6629-11e5-9816-22000aa61a3e~rs_729.h,
,Crystal Candelabra Reception Centerpieces,"In addition to a scattering of votive candles, the reception tables were illuminated by elegant crystal candelabras holding white tapered candles. The warm candlelight infused the room with romance and ambiance, tying in seamlessly with the garden-inspired centerpieces and cozy faux-fur throws.",http://twobrightlights.com/publication_studio/pubstudioshell/stud:NDAxNjU0,,5:  Centerpieces   Candelabras   Romantic   Whimsical  Fall,Libby MacCarthy,"        ""additional_terms"" : [
                ""tablecloths"",
                ""tied"",
                ""escort cards"",
                ""added"",
                ""highlight"",
                ""wooden"",
                ""decor"",
                ""theme"",
                ""introducing"",
                ""place cards""
        ],
        ""concepts"" : [
                ""tablescapes"",
                ""linens"",
                ""simple"",
                ""tables"",
                ""rustic""
        ]
","candelabras, tablescape, romantic, bohemian, taupe, centerpieces, candles, eclectic","ivy, roses, queen anne's lace, dahlia, garden flower, hydrangea, fern, dinnerware, flatware, glassware, modern, vintage, chiavari chairs, lady's mantle",,,https://www.theknot.com/real-weddings/crystal-candelabra-reception-centerpieces-photo,https://apis.xogrp.com/media-api/images/9c9ecd42-63b0-11e5-9816-22000aa61a3e~rs_729.h,
,Modern Pink and Orange Centerpieces,"Modern and bright were the guiding principles for the reception decor, with the tables dressed with black-and-white-striped table runners, as well as pink and white linens. August, Sage and Violet created bold centerpieces with black cylindrical vessels and a summery mix of fuchsia and orange flowers, including dahlias, garden roses, zinnias, celosias, ranunculus, sweet peas, lilies, pincushion flowers and proteas.",http://twobrightlights.com/publication_studio/pubstudioshell/stud:NDAwNzE5,,1:  Brights,Libby MacCarthy,"         ""additional_terms"" : [
                ""bright"",
                ""flowers"",
                ""mix"",
                ""including"",
                ""august""
        ],
        ""concepts"" : [
                ""centerpieces"",
                ""modern"",
                ""proteas"",
                ""pink"",
                ""orange"",
                ""garden roses"",
                ""sage"",
                ""zinnias"",
                ""sweet peas"",
                ""lilies"",
                ""fuchsia"",
                ""coxcomb"",
                ""ranunculus"",
                ""dahlias"",
                ""bold"",
                ""linens"",
                ""black"",
                ""colorful"",
                ""brights"",
                ""tables"",
                ""white"",
                ""roses"",
                ""sweet"",
                ""garden""
        ]","tablescape, casual, brghts, stripes, centerpieces, eclectic, whimsical, pink ","coxcomb, rananculous, dahlia, sweetpea, vases, black, peach, preppy, dinnerware, black and white",,,https://www.theknot.com/real-weddings/modern-pink-and-orange-centerpieces-photo,https://apis.xogrp.com/media-api/images/5a2ba658-6151-11e5-9816-22000aa61a3e~rs_729.h,
,Ivory Lace Table Linen,n/a,http://twobrightlights.com/publication_studio/pubstudioshell/stud:MzgwNTEw,,7:  Elegant   Lace   Ivory   Dinnerware   Linens  Romantic   Fall,Lauren Levy,"        ""concepts"" : [
                ""linens"",
                ""lace"",
                ""ivory"",
                ""tables""
        ]","tablescape, earthtones, formal, fall, plum, red, lace, elegant, rustic","flatware, glassware, calligraphy, linens, gold, orchids, fruit, cala lilies, garlands, roses, garden roses, dahlias, amaranthus, ivory, ",,,https://www.theknot.com/real-weddings/ivory-lace-table-linen-photo,https://apis.xogrp.com/media-api/images/bb868c98-2708-11e5-9816-22000aa61a3e~rs_729.h,
,Elaborate Red Rose Centerpiece on Gold Stand,"Dalsimer Spitz and Peck, Lauren and Brendan’s florist, went all-out on their different-style centerpieces. One of the arrangements included a large pomander of red and pink roses, red delphiniums, pink calla lilies and red stock flowers that draped over a tall gold candlestick. Red flower petals even surrounded the base alongside tealight candles.",http://twobrightlights.com/publication_studio/pubstudioshell/stud:Mzc2NTMy,,7:  Traditional   Gold   Red   Centerpieces   Glamorous  Country Club   Roses,Jaclyn Saumell,"        ""additional_terms"" : [
                ""flowers"",
                ""centerpiece"",
                ""arrangements included"",
                ""draped"",
                ""florist"",
                ""arrangements"",
                ""base"",
                ""petals"",
                ""surrounded"",
                ""large""
        ],
        ""concepts"" : [
                ""red"",
                ""centerpieces"",
                ""delphiniums"",
                ""calla lilies"",
                ""candles"",
                ""roses"",
                ""pink"",
                ""gold"",
                ""lilies"",
                ""stock""
        ]","red, gold, glamorous, centerpieces, tall centerpieces, regal, traditional, ballroom, classic","metallics, linens, formal, flatware, roses, amaranthus, roses, cala lily, stock, delphinium, pedestal , luxury",,,https://www.theknot.com/real-weddings/elaborate-red-rose-centerpiece-on-gold-stand-photo,https://apis.xogrp.com/media-api/images/8ca411c2-0b90-11e5-be0a-22000aa61a3e~rs_729.h,
,Lavish Pink Rose Arrangements with Blush Linens,Floral arrangements were designed to look as though they were growing up into the trees in the reception tent.,http://twobrightlights.com/publication_studio/pubstudioshell/stud:NDQwMjg5,,6:  Pink   Centerpieces   Centerpieces   Dining Tables  Glamorous   Romantic,Marissa Hermanson,"        ""additional_terms"" : [
		""arrangements"",
		""floral arrangements"",
		""growing"",
		""designed""
	],
	""concepts"" : [
		""linens"",
		""tented"",
		""tents"",
		""trees"",
		""blush"",
		""reception"",
		""roses"",
		""pink""
	]
","romantic, pastels, trees, blush, classic, formal, centerpieces","hydrangea, rananculus, linens, roses, tents, chiavari chairs, candles, pedestals, lavender, luxury, snapdragons, pink, ivory, tall centerpieces, glamorous",,,https://www.theknot.com/real-weddings/lavish-pink-rose-arrangements-with-blush-linens-photo-1,https://apis.xogrp.com/media-api/images/f10e5ec4-eb0f-11e5-af58-22000aa61a3e~rs_729.h,
,Birch Wood Centerpiece Decor,n/a,http://twobrightlights.com/publication_studio/pubstudioshell/stud:NDI4NjQ4,,3:  Centerpieces   Natural   Wildflowers,Allie Volpe,"        ""concepts"" : [
                ""wood"",
                ""centerpieces""
        ]
 ","natural, eco-friendly, centerpieces, plants, causal, wood, tablescape, neutrals","pedestals, affordable, simple, wax flowers, lavender flowers, DIY, linens, ivory, garden, flatware",,,https://www.theknot.com/real-weddings/birch-wood-centerpiece-decor-photo-1,https://apis.xogrp.com/media-api/images/ca2025de-bb00-11e5-af58-22000aa61a3e~rs_729.h,
,Colorful DIY Yarn Display Backdrop,"A large yarn display strung behind the sweetheart table added a homespun vibe to the couple's bold, bohemian-inspired decor. ""We wanted our wedding to stand out from the norm and for our guests to feel an overwhelming sense of cheer and happiness,"" Courtney says.",http://twobrightlights.com/publication_studio/pubstudioshell/stud:NDIzMTQ5,,8:  Colorful   DIY   Decorations + Accents   Backdrops  Dining Tables   Bohemian   Barn   Reception,Allie Volpe,"	""additional_terms"" : [
		""display"",
		""large"",
		""strung"",
		""stand"",
		""courtney"",
		""decor"",
		""added"",
		""couple's""
	],
	""concepts"" : [
		""homespun"",
		""sweetheart table"",
		""bold"",
		""diy"",
		""colorful"",
		""backdrops"",
		""guests"",
		""wedding"",
		""tables""
	]","sweetheart table, bohemian, colorful, DIY, vintage, barn","casual, plants, poppy, greens, vases, wood, tables, chairs, Marais Chairs, retro, color, brights,fuschia, orange, burnt orange, brown, ivory, mustard, backdrops, farm + ranch, rustic, whimsical, eclectic, alternative",,,https://www.theknot.com/real-weddings/colorful-diy-yarn-display-backdrop-photo-1,https://apis.xogrp.com/media-api/images/97ea642e-b30a-11e5-be52-22000aa61a3e~rs_729.h,
,Mismatched Glass Dinnerware,"To achieve the vintage chic aesthetic they were after, Annie and Matt dressed their dinner tables with lace table runners, ornate crystal glassware and mismatched dishes and cutlery.",http://twobrightlights.com/publication_studio/pubstudioshell/stud:NDA2NjUz,,1:  Tables,,"        ""additional_terms"" : [
                ""glass"",
                ""runners""
        ],
        ""concepts"" : [
                ""glassware"",
                ""dinnerware"",
                ""mismatched"",
                ""vintage"",
                ""chic"",
                ""lace"",
                ""tables""
        ]
","tablescape, bohemian, modern, centerpieces, vintage, neutrals, wood","dinnerware, mirrored, garden roses, euctalyptus, succulent, flatware, glassware, blush, gold, eclectic",,,https://www.theknot.com/real-weddings/mismatched-glass-dinnerware-photo,https://apis.xogrp.com/media-api/images/3df4391c-76e8-11e5-9816-22000aa61a3e~rs_729.h,